x,45-50,40-45,35-40,30-35,25-30,20-25,18-20,16-18,12-16
0.4813,0.0735,0.0717,0.0878,0.0868,0.0545,0.0197,0.0938,0.0495,0.0716
0.4813,0.0735,0.0717,0.0878,0.0868,0.0545,0.0197,0.0938,0.0495,0.0716
0.4813,0.0735,0.0717,0.0878,0.0868,0.0545,0.0197,0.0938,0.0495,0.0716
0.4856,0.0734,0.0717,0.0877,0.0871,0.0547,0.0198,0.0938,0.0496,0.0716
0.4871,0.0734,0.0717,0.0876,0.0872,0.0548,0.0199,0.0938,0.0496,0.0716
0.4944,0.0733,0.0716,0.0874,0.0876,0.0553,0.0201,0.0939,0.0497,0.0717
0.4954,0.0733,0.0716,0.0874,0.0876,0.0554,0.0201,0.0939,0.0498,0.0717
0.5012,0.0732,0.0716,0.0872,0.0879,0.0557,0.0203,0.0939,0.0498,0.0717
0.5012,0.0732,0.0716,0.0872,0.0879,0.0557,0.0203,0.0939,0.0498,0.0717
3.4846,0.1609,0.0713,0.0158,0.2514,0.161,0.1129,0.1084,0.0958,0.0873
3.5133,0.164,0.0714,0.0155,0.253,0.1609,0.1138,0.1085,0.0962,0.0874
3.5158,0.1643,0.0714,0.0155,0.2532,0.1609,0.1139,0.1085,0.0963,0.0875
6.4936,0.5997,0.0869,0.0871,0.4266,0.1259,0.2133,0.1275,0.1422,0.103
6.4941,0.5997,0.0869,0.0872,0.4266,0.1259,0.2134,0.1275,0.1422,0.103
7.466,0.644,0.0932,0.1787,0.4888,0.1605,0.2493,0.1357,0.1572,0.1081
7.4686,0.644,0.0933,0.179,0.489,0.1607,0.2494,0.1357,0.1572,0.1081
8.4986,0.6174,0.1034,0.3185,0.5615,0.3227,0.2911,0.1461,0.1731,0.1136
8.5107,0.6173,0.1036,0.3204,0.5624,0.3257,0.2916,0.1463,0.1733,0.1136
9.4619,0.7027,0.1564,0.4827,0.641,0.5797,0.3357,0.1581,0.188,0.1186
9.4723,0.7038,0.1577,0.4847,0.642,0.5818,0.3362,0.1582,0.1882,0.1187
9.4827,0.7048,0.1591,0.4866,0.6429,0.5838,0.3367,0.1584,0.1883,0.1187
9.4856,0.7051,0.1595,0.4871,0.6432,0.5844,0.3369,0.1584,0.1884,0.1188
10.4705,0.7559,0.3966,0.6729,0.7444,0.693,0.3936,0.174,0.2036,0.1239
10.4859,0.757,0.4007,0.6756,0.7461,0.6939,0.3946,0.1742,0.2038,0.124
10.4941,0.7576,0.4029,0.6771,0.7471,0.6943,0.3952,0.1744,0.204,0.1241
11.4771,0.9099,0.5998,0.7558,0.8676,0.722,0.4742,0.1951,0.2192,0.1293
11.4853,0.9119,0.6013,0.756,0.8685,0.7221,0.475,0.1953,0.2193,0.1293
11.4895,0.9129,0.602,0.7562,0.8689,0.7222,0.4755,0.1954,0.2194,0.1293
11.4994,0.9154,0.6037,0.7565,0.8699,0.7223,0.4765,0.1957,0.2195,0.1294
11.5098,0.918,0.6055,0.757,0.871,0.7224,0.4775,0.1959,0.2197,0.1294
12.4717,1.2548,0.8589,0.891,0.9713,0.7477,0.6122,0.2257,0.2346,0.1345
12.4915,1.264,0.8675,0.8944,0.9752,0.7495,0.6159,0.2264,0.2349,0.1346
12.4973,1.2667,0.8701,0.8953,0.9764,0.75,0.617,0.2267,0.235,0.1347
12.4974,1.2668,0.8701,0.8954,0.9765,0.75,0.617,0.2267,0.235,0.1347
12.5002,1.2681,0.8714,0.8958,0.977,0.7503,0.6175,0.2268,0.2351,0.1347
12.701,1.3676,0.97,0.9306,1.034,0.779,0.6558,0.2352,0.2382,0.1357
12.7273,1.3813,0.984,0.9353,1.0445,0.7844,0.6608,0.2363,0.2386,0.1359
13.3036,1.7262,1.3259,1.0719,1.3986,0.9526,0.7666,0.2679,0.2476,0.1389
13.3297,1.7437,1.3418,1.0805,1.3957,0.956,0.7706,0.2697,0.248,0.1391
13.4799,1.8466,1.4312,1.1353,1.333,0.9569,0.7905,0.2807,0.2503,0.1399
13.4953,1.8574,1.4401,1.1416,1.3248,0.9562,0.7922,0.2819,0.2506,0.14
13.5001,1.8608,1.4429,1.1435,1.3222,0.956,0.7927,0.2823,0.2507,0.14
13.5068,1.8655,1.4468,1.1463,1.3186,0.9557,0.7934,0.2828,0.2508,0.14
13.8536,2.1257,1.644,1.318,1.31,1.0445,0.8204,0.3161,0.2562,0.1419
13.8537,2.1258,1.644,1.318,1.31,1.0445,0.8204,0.3161,0.2562,0.1419
14.2727,2.5003,1.9507,1.5989,1.9998,1.4976,0.8674,0.3913,0.2627,0.1441
14.4301,2.6653,2.0991,1.7239,2.1953,1.6458,0.9126,0.4917,0.2652,0.1449
14.4562,2.6943,2.1255,1.7456,2.2105,1.6641,0.9225,0.5204,0.2656,0.1451
14.4822,2.7236,2.1523,1.7675,2.2203,1.68,0.933,0.5354,0.266,0.1452
14.4831,2.7247,2.1533,1.7683,2.2206,1.6806,0.9334,0.5358,0.266,0.1452
14.5021,2.7464,2.1732,1.7845,2.2245,1.6907,0.9415,0.5428,0.2663,0.1453
14.5052,2.7501,2.1765,1.7872,2.2249,1.6923,0.9429,0.5438,0.2664,0.1453
14.849,3.1839,2.5719,2.1046,2.1287,1.7673,1.1329,0.5917,0.2717,0.1472
14.9802,3.364,2.7352,2.2374,2.1953,1.8221,1.2124,0.6018,0.2738,0.1479
15.0063,3.4005,2.7684,2.2646,2.2264,1.8411,1.2284,0.6038,0.2742,0.148
15.478,4.0686,3.3922,2.8017,3.2576,2.4868,1.5343,0.6443,0.2816,0.1505
15.4969,4.0951,3.418,2.8251,3.2747,2.5103,1.5473,0.6465,0.2819,0.1507
15.5303,4.1417,3.4636,2.867,3.2757,2.5493,1.5707,0.6506,0.2824,0.1508
15.5368,4.1507,3.4725,2.8751,3.271,2.5565,1.5752,0.6514,0.2825,0.1509
15.6611,4.3232,3.6434,3.0355,3.0167,2.6701,1.664,0.6696,0.2845,0.1515
15.7399,4.432,3.7523,3.1402,2.992,2.7245,1.7218,0.6845,0.2857,0.152
15.7657,4.4677,3.788,3.1749,3.0125,2.7401,1.741,0.6902,0.2862,0.1521
15.7662,4.4684,3.7887,3.1756,3.0129,2.7404,1.7414,0.6903,0.2862,0.1521
16.1066,4.9451,4.2595,3.6429,3.5988,2.9034,2.0029,0.8341,0.2915,0.1539
16.2901,5.2119,4.513,3.8924,3.8772,3.0184,2.15,0.9915,0.2944,0.1549
16.3426,5.2901,4.5855,3.9622,3.9208,3.0613,2.193,1.0299,0.2953,0.1552
16.3683,5.3286,4.6208,3.996,3.9341,3.0841,2.2141,1.0443,0.2957,0.1553
16.494,5.5215,4.793,4.1578,3.9373,3.2128,2.3193,1.0844,0.2977,0.156
16.6044,5.6966,4.942,4.2945,3.9098,3.346,2.4144,1.0992,0.2994,0.1566
16.6566,5.7816,5.0118,4.3577,3.9145,3.4142,2.4607,1.1033,0.3003,0.1569
16.7355,5.9128,5.1164,4.4518,3.9657,3.5209,2.5332,1.108,0.3015,0.1573
16.7356,5.9131,5.1166,4.452,3.9659,3.5212,2.5334,1.108,0.3015,0.1573
16.7358,5.9134,5.1168,4.4522,3.966,3.5213,2.5335,1.108,0.3015,0.1573
16.9969,6.3743,5.4633,4.7572,4.4274,3.8809,2.7972,1.1327,0.3057,0.1587
17.207,6.7723,5.7548,5.0023,4.8286,4.1427,3.0057,1.1928,0.3091,0.1598
17.2854,6.927,5.8716,5.0953,4.9391,4.2256,3.0804,1.2262,0.3103,0.1603
17.2857,6.9276,5.872,5.0956,4.9395,4.2259,3.0807,1.2263,0.3103,0.1603
17.312,6.9804,5.9133,5.1272,4.9688,4.2518,3.1055,1.2387,0.3108,0.1604
17.501,7.3712,6.2607,5.3599,5.0887,4.4213,3.2806,1.3403,0.3138,0.1614
17.5421,7.4593,6.3402,5.4122,5.1025,4.4574,3.3181,1.3643,0.3145,0.1616
17.5994,7.5846,6.4441,5.4868,5.1209,4.5096,3.3704,1.3983,0.3154,0.162
17.6527,7.7037,6.533,5.5572,5.1409,4.5609,3.4187,1.4299,0.3163,0.1622
17.7571,7.9482,6.6937,5.6986,5.2051,4.6739,3.513,1.4919,0.318,0.1628
17.7577,7.9495,6.6945,5.6993,5.2056,4.6745,3.5135,1.4922,0.318,0.1628
17.8358,8.1481,6.8092,5.8071,5.2936,4.7711,3.5837,1.5381,0.3193,0.1632
18.2282,9.0845,7.3769,6.3503,6.1787,5.3099,3.9322,1.7524,0.3257,0.1654
18.2553,9.1376,7.4182,6.3865,6.2325,5.345,3.9561,1.7655,0.3262,0.1655
18.2818,9.1888,7.4595,6.4217,6.28,5.3784,3.9794,1.7781,0.3266,0.1656
18.3337,9.2879,7.543,6.4895,6.3559,5.441,4.0249,1.802,0.3275,0.1659
18.3597,9.337,7.5863,6.523,6.3845,5.4706,4.0477,1.8138,0.3279,0.1661
18.4964,9.591,7.8252,6.6915,6.4515,5.6043,4.1668,1.8737,0.3371,0.1668
18.4994,9.5965,7.8304,6.6949,6.4518,5.6069,4.1693,1.875,0.3372,0.1668
18.6739,9.9159,8.1255,6.8911,6.436,5.7394,4.3197,1.9529,0.3439,0.1678
18.6745,9.917,8.1265,6.8917,6.4359,5.7399,4.3202,1.9531,0.3439,0.1678
18.8045,10.1537,8.3256,7.0286,6.4239,5.8313,4.4305,2.0179,0.3499,0.1685
18.9099,10.3457,8.4811,7.1369,6.4369,5.9132,4.5185,2.0768,0.3554,0.169
18.9362,10.3936,8.5193,7.1638,6.4444,5.9356,4.5403,2.0922,0.3569,0.1692
19.2771,11.021,9.0117,7.5229,6.6684,6.2783,4.8263,2.2987,0.3804,0.171
19.3026,11.0686,9.0493,7.5513,6.6924,6.306,4.8508,2.3136,0.3825,0.1712
19.407,11.2647,9.2072,7.6708,6.7989,6.4196,4.9594,2.372,0.392,0.1718
19.5049,11.4512,9.3628,7.7884,6.9107,6.5249,5.0631,2.4223,0.4022,0.1723
19.5125,11.4657,9.375,7.7977,6.9198,6.5329,5.0708,2.426,0.403,0.1723
19.5226,11.4853,9.3915,7.8103,6.9322,6.5436,5.081,2.4309,0.4042,0.1724
19.6694,11.7725,9.6302,7.9988,7.125,6.6936,5.2049,2.498,0.4225,0.1732
19.6701,11.7739,9.6314,7.9998,7.126,6.6943,5.2054,2.4983,0.4226,0.1732
19.7483,11.9316,9.7571,8.1044,7.2411,6.7696,5.2487,2.531,0.4339,0.1736
19.7491,11.9331,9.7583,8.1054,7.2422,6.7703,5.2491,2.5313,0.434,0.1736
20.0357,12.5566,10.2177,8.5045,7.739,7.0098,5.4217,2.6375,0.4849,0.1752
20.115,12.7455,10.3459,8.6173,7.8778,7.064,5.4844,2.6643,0.5017,0.1756
20.2727,13.15,10.6052,8.8412,8.0997,7.1582,5.6236,2.7191,0.5392,0.1765
20.2981,13.2191,10.6479,8.8769,8.1259,7.1728,5.6475,2.7286,0.5458,0.1766
20.2985,13.2202,10.6486,8.8774,8.1263,7.173,5.6479,2.7288,0.5459,0.1766
20.4566,13.6594,10.9325,9.0906,8.2421,7.2703,5.8036,2.7968,0.5896,0.1775
20.5047,13.7783,11.0298,9.1488,8.2687,7.3044,5.8527,2.8214,0.6039,0.1777
20.6382,14.0583,11.3344,9.2319,8.3424,7.4193,5.9924,2.9031,0.646,0.1785
20.6658,14.1197,11.4019,9.2142,8.3597,7.4477,6.0217,2.9227,0.655,0.1786
20.7175,14.2482,11.5308,9.2767,8.3963,7.5066,6.0771,2.9621,0.6724,0.1789
20.7178,14.249,11.5315,9.2772,8.3965,7.5069,6.0774,2.9623,0.6724,0.1789
20.7448,14.3234,11.5996,9.3293,8.4184,7.5407,6.1065,2.984,0.6816,0.1791
20.7688,14.3932,11.6604,9.3787,8.44,7.5725,6.1325,3.0039,0.6898,0.1792
20.8749,14.729,11.9312,9.6099,8.5689,7.7293,6.2484,3.097,0.7267,0.1798
21.1899,15.8226,12.7298,10.3156,9.3503,8.2687,6.6017,3.3897,0.8473,0.1815
21.2166,15.9169,12.7953,10.3736,9.4177,8.3124,6.6322,3.4133,0.859,0.1816
21.2408,16.0021,12.8543,10.4256,9.4747,8.3508,6.6599,3.4342,0.87,0.1818
21.2419,16.0061,12.857,10.428,9.4773,8.3525,6.6612,3.4352,0.8705,0.1818
21.2678,16.0972,12.9197,10.4829,9.5334,8.3918,6.6909,3.457,0.8826,0.1819
21.3204,16.2821,13.0466,10.5921,9.6313,8.466,6.7515,3.5002,0.9091,0.1822
21.3975,16.5535,13.2342,10.7477,9.7387,8.5629,6.8411,3.5616,0.9553,0.1826
21.6354,17.3983,13.8806,11.2279,9.9542,8.8326,7.1222,3.755,1.1406,0.184
21.6605,17.4893,13.9599,11.2824,9.9752,8.8624,7.1524,3.7773,1.1564,0.1841
21.7136,17.6837,14.1341,11.4018,10.0223,8.9274,7.2166,3.8269,1.1879,0.1844
21.7146,17.6874,14.1375,11.4042,10.0233,8.9287,7.2179,3.8279,1.1885,0.1844
21.8433,18.1761,14.575,11.715,10.1687,9.0989,7.3765,3.9653,1.2578,0.1851
21.8442,18.1793,14.5778,11.7171,10.1699,9.1,7.3776,3.9663,1.2583,0.1851
21.8967,18.3872,14.7535,11.8497,10.2509,9.1744,7.4438,4.0313,1.2846,0.1854
21.9477,18.5931,14.9183,11.9802,10.3471,9.2487,7.5089,4.0988,1.3094,0.1857
22.1071,19.2562,15.3856,12.3939,10.7512,9.4918,7.7215,4.3287,1.3835,0.1866
22.134,19.3694,15.456,12.4636,10.8302,9.534,7.759,4.3687,1.3956,0.1867
22.2377,19.8091,15.7103,12.7297,11.1428,9.7002,7.9106,4.5209,1.4416,0.1873
22.2631,19.9173,15.7694,12.7938,11.2171,9.7416,7.9491,4.5572,1.4528,0.1874
22.3684,20.3672,16.0054,13.0539,11.4903,9.9159,8.1055,4.6991,1.4984,0.188
22.4197,20.5871,16.117,13.1781,11.5941,10.0023,8.1765,4.762,1.5203,0.1883
22.605,21.3867,16.5365,13.6239,11.862,10.3227,8.4162,4.9543,1.5982,0.1893
22.6561,21.6092,17.0598,13.7487,11.9249,10.4137,8.4803,4.9998,1.6194,0.1896
22.6575,21.6153,17.0676,13.7521,11.9267,10.4161,8.482,5.001,1.6199,0.1896
22.7093,21.8426,17.308,13.8806,11.9934,10.5098,8.5466,5.0447,1.6413,0.1899
22.7106,21.8482,17.3133,13.8838,11.9951,10.5122,8.5482,5.0458,1.6418,0.1899
22.7612,22.0718,17.51,14.011,12.0665,10.605,8.6108,5.0863,1.6625,0.1902
22.84,22.4248,17.7888,14.212,12.1985,10.753,8.7082,5.1461,1.6946,0.1906
23.0485,23.3702,18.4371,14.747,12.6794,11.1589,8.9652,5.2932,1.7781,0.1918
23.1038,23.6188,18.5923,14.8875,12.8207,11.2666,9.0335,5.3316,1.8,0.1921
23.1292,23.7323,18.6611,14.9514,12.885,11.3152,9.0649,5.3493,1.81,0.1922
23.2334,24.1955,18.929,15.2085,13.1358,11.5042,9.1938,5.424,1.8508,0.1928
23.3376,24.6561,19.1791,15.4547,13.3488,11.6673,9.3233,5.5032,1.891,0.1934
23.3379,24.6573,19.1797,15.4553,13.3493,11.6677,9.3236,5.5035,1.8911,0.1934
23.5986,25.8025,19.8046,16.0486,13.7001,11.9695,9.6517,5.7358,1.9892,0.1948
23.6009,25.8124,19.812,16.0538,13.7026,11.9717,9.6546,5.7381,1.99,0.1948
23.6517,26.0343,20.3356,16.1712,13.7579,12.022,9.7196,5.7901,2.0085,0.1951
23.6534,26.0419,20.3432,16.1752,13.7598,12.0237,9.7218,5.7918,2.0091,0.1951
23.6766,26.1433,20.4365,16.2296,13.7853,12.0465,9.7518,5.8162,2.0175,0.1953
23.7067,26.2746,20.5443,16.3007,13.8189,12.0759,9.7908,5.8483,2.0283,0.1954
23.7313,26.3817,20.6267,16.3593,13.8471,12.0999,9.8228,5.8747,2.037,0.1956
23.8881,27.0677,21.105,16.741,14.0575,12.2589,10.0303,6.0452,2.0906,0.1965
23.914,27.1834,21.18,16.8046,14.0999,12.2869,10.0651,6.0731,2.0991,0.1966
24.0999,28.0452,21.7051,17.2552,14.4609,12.5078,10.3166,6.2639,2.1541,0.1976
24.1513,28.29,21.8481,17.3759,14.571,12.574,10.3852,6.3118,2.1667,0.1979
24.2012,28.5288,21.9868,17.4904,14.6784,12.6401,10.4502,6.3554,2.1771,0.1982
24.2542,28.7839,22.1344,17.6084,14.7904,12.7121,10.5163,6.3983,2.1862,0.1985
24.3053,29.0301,22.2767,17.7171,14.8926,12.7826,10.5758,6.4366,2.1945,0.1988
24.334,29.1688,22.3569,17.7757,14.9461,12.8228,10.6074,6.4572,2.2008,0.1989
24.386,29.4203,22.5027,17.8761,15.0313,12.8962,10.6622,6.4931,2.2145,0.1992
24.5166,30.0552,22.8745,18.098,15.1588,13.0837,10.7935,6.5812,2.2503,0.2
24.6492,30.7032,23.2646,18.2966,15.2466,13.2744,10.9323,6.6796,2.2789,0.2007
24.672,30.8151,23.3333,18.3302,15.2698,13.3069,10.9574,6.6986,2.283,0.2008
24.6734,30.8219,23.3376,18.3323,15.2714,13.3089,10.9589,6.6998,2.2833,0.2009
24.7029,30.9666,23.4272,18.376,15.3076,13.3507,10.9918,6.7255,2.2882,0.201
24.7527,31.2127,23.5809,18.4513,15.3854,13.4206,11.0487,6.7727,2.296,0.2013
24.7775,31.3357,23.6582,18.4895,15.4316,13.455,11.0773,6.798,2.2997,0.2014
24.8842,31.8726,23.9964,18.661,15.6662,13.5988,11.2026,6.9207,2.3143,0.202
25.0699,32.8257,24.601,18.9843,16.1141,13.8264,11.4243,7.1639,2.3374,0.2031
25.1192,33.0787,24.7637,19.0739,16.2272,13.8804,11.4832,7.2295,2.3435,0.2034
25.121,33.0877,24.7695,19.0771,16.2311,13.8822,11.4853,7.2318,2.3437,0.2034
25.276,33.8834,25.2845,19.3665,16.535,14.0343,11.6671,7.4243,2.364,0.2042
25.2768,33.8874,25.2871,19.368,16.5363,14.035,11.668,7.4252,2.3641,0.2043
25.3269,34.1453,25.4547,19.4636,16.6107,14.0815,11.7243,7.4793,2.3715,0.2045
25.3539,34.2847,25.5454,19.5156,16.646,14.1066,11.7539,7.5062,2.3759,0.2047
25.6451,35.8087,26.5401,20.0941,16.9118,14.427,12.0798,7.7086,2.4528,0.2063
25.6674,35.9288,26.6181,20.1399,16.9325,14.4584,12.1078,7.72,2.46,0.2065
25.669,35.9373,26.6236,20.1431,16.934,14.4606,12.1097,7.7208,2.4605,0.2065
25.6956,36.0821,26.7171,20.198,16.9611,14.5,12.1436,7.7342,2.4688,0.2066
25.6991,36.1013,26.7294,20.2053,16.9649,14.5054,12.1481,7.736,2.4699,0.2066
25.7227,36.2323,26.813,20.2545,16.9924,14.5424,12.1787,7.7478,2.477,0.2068
25.7746,36.5303,26.9977,20.3636,17.0674,14.629,12.2466,7.7737,2.4921,0.2071
25.9302,37.5303,27.5581,20.7016,17.4458,14.9193,12.4544,7.8603,2.5348,0.2079
26.0137,38.0489,27.8586,20.8896,17.6847,15.0841,12.5665,7.9173,2.5569,0.2084
26.0907,38.5097,28.1336,21.0668,17.8907,15.2353,12.6697,7.9766,2.577,0.2089
26.2716,39.5698,28.7722,21.4906,18.305,15.5617,12.9065,8.1352,2.6239,0.2099
26.272,39.5723,28.7737,21.4916,18.3059,15.5624,12.907,8.1356,2.624,0.2099
26.2725,39.5749,28.7753,21.4926,18.3068,15.5631,12.9076,8.136,2.6242,0.2099
26.273,39.5779,28.7771,21.4938,18.3078,15.5639,12.9082,8.1365,2.6243,0.2099
26.3223,39.8645,28.9511,21.6079,18.4064,15.6402,12.9694,8.1833,2.637,0.2102
26.5328,41.0842,29.7135,22.0757,18.7875,15.9114,13.2037,8.3914,2.6912,0.2114
26.5363,41.1043,29.7271,22.0831,18.7934,15.9154,13.2074,8.3949,2.6921,0.2114
26.6411,41.7142,30.2582,22.3061,18.9666,16.0324,13.3223,8.5,2.719,0.212
26.6646,41.8514,30.3548,22.3553,19.0042,16.0582,13.3491,8.5233,2.7251,0.2121
26.6954,42.0327,30.4769,22.4197,19.053,16.0923,13.3848,8.5537,2.733,0.2123
26.7184,42.169,30.5661,22.4676,19.0891,16.118,13.4117,8.5762,2.7389,0.2124
26.8484,42.9683,31.0567,22.7359,19.2858,16.2705,13.5665,8.6991,2.7724,0.2132
27.0101,43.9803,31.6563,23.0692,19.5154,16.4863,13.7604,8.8359,2.8141,0.2141
27.0867,44.4407,31.9403,23.2287,19.6181,16.5941,13.8514,8.8914,2.8339,0.2145
27.1354,44.7309,32.1211,23.331,19.681,16.6628,13.9084,8.9226,2.8465,0.2148
27.2672,45.5136,32.6139,23.615,19.8409,16.8439,14.0573,8.99,2.8808,0.2156
27.2687,45.5228,32.6197,23.6185,19.8427,16.846,14.0589,8.9907,2.8812,0.2156
27.3205,45.8299,32.815,23.7349,19.9002,16.9133,14.1133,9.0123,2.8947,0.2159
27.451,46.6051,33.3149,24.0386,20.0275,17.0673,14.2327,9.0638,2.9289,0.2166
27.5061,46.9332,33.5338,24.1665,20.0727,17.124,14.2757,9.0873,2.9434,0.217
27.6371,47.7201,34.1535,24.4602,20.1596,17.2405,14.3734,9.1562,2.9783,0.2177
27.6845,48.008,34.3618,24.5624,20.1857,17.2771,14.4099,9.1874,2.991,0.218
27.6855,48.0141,34.3662,24.5645,20.1862,17.2779,14.4107,9.1881,2.9913,0.218
27.6863,48.0193,34.3699,24.5663,20.1867,17.2785,14.4114,9.1887,2.9915,0.218
27.6918,48.0526,34.3935,24.5779,20.1896,17.2825,14.4156,9.1926,2.993,0.218
27.7404,48.3527,34.6043,24.6808,20.2161,17.3172,14.4544,9.2293,3.0062,0.2183
27.8968,49.38,35.2949,25.0037,20.3428,17.4145,14.5835,9.3664,3.0494,0.2192
27.9802,50.0002,35.6812,25.1732,20.4584,17.4597,14.654,9.4456,3.073,0.2197
28.0303,50.3687,35.924,25.2746,20.5403,17.4854,14.6967,9.4936,3.0874,0.22
28.0797,50.7228,36.1743,25.3745,20.6268,17.5099,14.739,9.5406,3.1017,0.2203
28.2687,52.0364,37.2144,25.7564,20.9737,17.6017,14.9023,9.7049,3.1562,0.2214
28.288,52.1688,37.3242,25.7956,21.0083,17.6114,14.919,9.7192,3.1614,0.2215
28.3132,52.3405,37.4659,25.8466,21.0525,17.6242,14.9408,9.737,3.168,0.2216
28.3151,52.3535,37.4766,25.8504,21.0558,17.6252,14.9425,9.7383,3.1685,0.2216
28.3712,52.7354,37.7831,25.9643,21.1503,17.6548,14.991,9.7738,3.1823,0.222
28.4209,53.0725,38.0368,26.0656,21.2281,17.6826,15.0331,9.8014,3.1937,0.2222
28.6333,54.5026,39.111,26.5024,21.496,17.8245,15.1803,9.8934,3.2435,0.2235
28.6799,54.8137,39.3925,26.5993,21.5447,17.862,15.207,9.912,3.2565,0.2237
28.6818,54.8265,39.4046,26.6034,21.5467,17.8636,15.208,9.9127,3.2571,0.2238
28.6823,54.8294,39.4073,26.6043,21.5471,17.8639,15.2083,9.9129,3.2572,0.2238
28.6882,54.8693,39.445,26.6168,21.5532,17.869,15.2117,9.9154,3.259,0.2238
28.7361,55.1873,39.7558,26.7169,21.6005,17.9106,15.2385,9.9355,3.2738,0.2241
28.8381,55.8655,40.4593,26.9325,21.6969,18.0069,15.295,9.9848,3.306,0.2247
28.9218,56.4313,41.0587,27.1112,21.7749,18.0908,15.341,10.0333,3.3311,0.2252
28.9767,56.8169,41.4556,27.2298,21.8276,18.1475,15.3713,10.0686,3.3467,0.2255
28.9972,56.9652,41.6035,27.2743,21.8477,18.1688,15.3827,10.0823,3.3523,0.2256
29.2102,58.489,43.0948,27.7443,22.0803,18.3876,15.5025,10.2359,3.4057,0.2268
29.2652,58.8531,43.4657,27.8683,22.1479,18.441,15.5346,10.2773,3.4182,0.2272
29.3105,59.1453,43.769,27.9717,22.2063,18.4832,15.5621,10.3115,3.4283,0.2274
29.311,59.1483,43.7721,27.9728,22.2069,18.4836,15.5624,10.3119,3.4284,0.2274
29.3348,59.299,43.93,28.0273,22.2385,18.5049,15.5774,10.3298,3.4336,0.2276
29.4669,60.1191,44.797,28.3361,22.4278,18.6139,15.6739,10.4274,3.4612,0.2283
29.5474,60.6099,45.3167,28.5301,22.5559,18.6741,15.7364,10.4842,3.4775,0.2288
29.6298,61.1078,45.8392,28.7345,22.6977,18.7322,15.7953,10.5395,3.4938,0.2293
29.6773,61.3946,46.1356,28.856,22.7834,18.7647,15.8277,10.57,3.5031,0.2296
29.7056,61.5655,46.3104,28.9301,22.8354,18.7839,15.8466,10.5877,3.5087,0.2297
29.7109,61.5975,46.3429,28.944,22.8452,18.7875,15.8501,10.5909,3.5097,0.2298
29.9136,62.7927,47.5887,29.5331,23.2194,18.9262,15.9829,10.7035,3.5487,0.231
29.9444,62.9637,47.7868,29.6354,23.2738,18.9483,16.0031,10.7184,3.5546,0.2312
30.0453,63.5103,48.4652,29.9994,23.4412,19.024,16.0698,10.7624,3.5739,0.2318
30.0517,63.5451,48.5099,30.0243,23.4513,19.029,16.0742,10.7649,3.5751,0.2318
30.0956,63.7793,48.8116,30.1957,23.5176,19.0641,16.1036,10.7815,3.5835,0.232
30.1774,64.2131,49.3675,30.5236,23.6343,19.1337,16.1592,10.8086,3.5992,0.2325
30.2329,64.5059,49.7345,30.7464,23.711,19.1845,16.1976,10.8253,3.6099,0.2329
30.5423,66.1177,51.6407,32.0307,24.1864,19.5459,16.4267,10.9401,3.6714,0.2347
30.5693,66.2562,51.7979,32.1504,24.2379,19.5861,16.4484,10.9551,3.677,0.2349
30.6262,66.547,52.1247,32.4111,24.3555,19.6764,16.4955,10.9913,3.6892,0.2352
30.6707,66.7728,52.3754,32.6251,24.4562,19.7518,16.534,11.0243,3.699,0.2355
30.6728,66.7833,52.387,32.6353,24.4611,19.7554,16.5358,11.026,3.6995,0.2355
30.6754,66.7965,52.4015,32.6482,24.4673,19.7599,16.5381,11.0281,3.7001,0.2355
30.6981,66.9106,52.5273,32.7625,24.5221,19.7999,16.5584,11.047,3.7053,0.2356
30.7334,67.0862,52.7207,32.9472,24.6115,19.8634,16.5909,11.0789,3.7136,0.2358
30.967,68.0415,53.9838,34.4315,25.3639,20.3019,16.8373,11.3494,3.7781,0.2372
30.9901,68.1116,54.1116,34.5959,25.4584,20.3438,16.8649,11.3798,3.7853,0.2374
31.0148,68.1858,54.2499,34.7712,25.5658,20.388,16.8952,11.4128,3.7931,0.2375
31.0926,68.418,54.6909,35.3127,25.9458,20.5196,16.9951,11.518,3.817,0.238
31.1789,68.6797,55.1876,35.8949,26.3971,20.6514,17.1126,11.634,3.8411,0.2385
31.2745,68.9747,55.7396,36.5177,26.8122,20.7841,17.2429,11.7552,3.8646,0.2391
31.2754,68.9775,55.7447,36.5234,26.8154,20.7853,17.244,11.7563,3.8648,0.2391
31.2785,68.9871,55.7627,36.5435,26.8264,20.7895,17.2481,11.76,3.8655,0.2391
31.3078,69.0782,55.9315,36.7309,26.9215,20.8284,17.2851,11.7943,3.8721,0.2393
31.3256,69.1335,56.0334,36.8438,26.9722,20.8516,17.3066,11.8144,3.876,0.2394
31.3293,69.1451,56.0548,36.8675,26.9823,20.8565,17.3111,11.8186,3.8769,0.2394
31.6486,70.1317,57.702,38.8751,27.5581,21.2857,17.6628,12.1317,3.9407,0.2413
31.6684,70.1917,57.787,39.0003,27.5973,21.3155,17.6866,12.1509,3.9444,0.2414
31.669,70.1935,57.7895,39.004,27.5985,21.3164,17.6874,12.1514,3.9445,0.2414
31.6718,70.2023,57.8017,39.0223,27.6045,21.3207,17.6909,12.1542,3.945,0.2415
31.7748,70.5131,58.2201,39.6876,27.8675,21.4876,17.8206,12.2602,3.9644,0.2421
31.7985,70.5838,58.3127,39.844,27.9471,21.5281,17.8512,12.2863,3.9688,0.2422
31.9603,71.0582,58.9432,40.9699,28.7047,21.8195,18.0656,12.4812,3.999,0.2432
32.068,71.3628,59.3841,41.7713,29.3263,22.0194,18.2108,12.6192,4.0191,0.2438
32.1418,71.5644,59.7048,42.2989,29.7266,22.1541,18.3105,12.7142,4.0329,0.2443
32.2192,71.7677,60.0539,42.8171,30.0878,22.2901,18.4145,12.8119,4.0476,0.2448
32.2487,71.8427,60.1895,43.0061,30.2132,22.3401,18.4539,12.8483,4.0532,0.2449
32.271,71.898,60.292,43.1453,30.3043,22.377,18.4834,12.8753,4.0575,0.2451
32.332,72.0438,60.5747,43.5181,30.5442,22.4759,18.563,12.9469,4.0692,0.2454
32.3748,72.1397,60.7721,43.7732,30.7071,22.5439,18.6179,12.9945,4.0776,0.2457
32.4612,72.3142,61.1546,44.2756,31.0375,22.6803,18.7286,13.0829,4.0946,0.2462
32.5088,72.3981,61.3324,44.5466,31.2316,22.7563,18.7914,13.1282,4.1042,0.2465
32.6447,72.5801,61.6858,45.3031,31.9161,22.9869,18.9854,13.2523,4.1323,0.2474
32.664,72.5982,61.7467,45.4083,32.0321,23.022,19.0145,13.2701,4.1364,0.2475
32.6877,72.6178,61.8245,45.5372,32.1814,23.0664,19.0508,13.2924,4.1415,0.2476
32.6945,72.6228,61.8468,45.5734,32.2247,23.0792,19.0611,13.2988,4.143,0.2477
32.7432,72.6525,62.0113,45.8336,32.5492,23.1754,19.1367,13.3465,4.1537,0.248
32.7447,72.6533,62.0165,45.8416,32.5595,23.1785,19.1391,13.348,4.154,0.248
32.8988,72.7402,62.5336,46.6079,33.5611,23.5233,19.3839,13.5257,4.1896,0.2489
32.9084,72.752,62.5648,46.6526,33.6197,23.5465,19.3993,13.5385,4.1919,0.249
33.0594,73.0857,63.0303,47.3347,34.5072,23.9301,19.6448,13.769,4.2294,0.2499
33.0615,73.0914,63.0363,47.344,34.5191,23.9356,19.6482,13.7725,4.23,0.2499
33.1164,73.2441,63.1908,47.5875,34.8314,24.0813,19.7386,13.8662,4.2443,0.2502
33.2411,73.5605,63.51,48.1368,35.5296,24.4148,19.9456,14.0881,4.2781,0.251
33.2666,73.6146,63.5711,48.2486,35.6708,24.4824,19.9883,14.1341,4.2852,0.2512
33.3277,73.7258,63.714,48.5162,36.0079,24.6438,20.0913,14.244,4.3025,0.2515
33.4228,73.8495,63.9301,48.9316,36.5287,24.8959,20.2555,14.4109,4.3301,0.2521
33.5881,73.9799,64.3416,49.6482,37.4201,25.3533,20.559,14.6818,4.379,0.2532
33.6596,74.0195,64.8543,49.9559,37.7997,25.5685,20.6965,14.7944,4.4002,0.2536
33.6668,74.0232,64.8728,49.9865,37.8374,25.5909,20.7103,14.8056,4.4022,0.2536
33.6832,74.0316,64.9123,50.0567,37.9237,25.6431,20.7421,14.8313,4.407,0.2537
33.6866,74.0334,64.9203,50.0714,37.9418,25.6542,20.7488,14.8366,4.408,0.2538
33.6906,74.0353,64.9293,50.0883,37.9625,25.6669,20.7565,14.8428,4.4092,0.2538
33.741,74.0604,65.036,50.303,38.2254,25.8359,20.855,14.9217,4.4238,0.2541
33.9302,74.1684,65.3867,51.0804,39.1825,26.5669,21.2347,15.2244,4.4768,0.2553
33.9731,74.201,65.462,51.2481,39.4042,26.7495,21.3237,15.2962,4.4885,0.2556
34.0819,74.3005,65.6511,51.6642,40.0845,27.2282,21.5563,15.4866,4.5177,0.2562
34.106,74.3255,65.693,51.7554,40.2795,27.3362,21.6095,15.5306,4.5241,0.2564
34.1099,74.3296,65.6999,51.7704,40.3129,27.3539,21.6183,15.5378,4.5251,0.2564
34.2099,74.4413,65.8752,52.1465,41.1758,27.8059,21.8473,15.7277,4.5512,0.257
34.2432,74.4806,65.9351,52.2714,41.4324,27.9582,21.9275,15.7938,4.5598,0.2572
34.3381,74.5945,66.1133,52.6249,42.0036,28.3962,22.1691,15.9909,4.5841,0.2578
34.3441,74.6018,66.125,52.6475,42.0321,28.4244,22.1854,16.004,4.5856,0.2579
34.4971,74.7779,66.419,53.211,42.5552,29.1498,22.6311,16.3585,4.6243,0.2588
34.5066,74.788,66.436,53.2455,42.5806,29.1955,22.6612,16.3822,4.6268,0.2589
34.6554,74.9321,66.6814,53.7816,42.959,29.9378,23.1752,16.7902,4.6663,0.2598
34.6786,74.9522,66.7167,53.8636,43.0205,30.0589,23.2619,16.8604,4.6726,0.26
34.6827,74.9557,66.7229,53.8781,43.0317,30.0806,23.2774,16.873,4.6737,0.26
34.6886,74.9608,66.7318,53.899,43.0479,30.112,23.2999,16.8913,4.6753,0.26
34.7128,74.9808,66.7677,53.9836,43.1158,30.2414,23.3924,16.9672,4.6818,0.2602
34.7634,75.021,66.8416,54.1587,43.2715,30.523,23.5917,17.1332,4.6956,0.2605
34.9164,75.1272,67.055,54.6655,43.8769,31.4782,24.232,17.6864,4.7374,0.2615
34.9973,75.1746,67.1632,54.9198,44.2598,32.0282,24.5909,18.0041,4.7594,0.262
35.0748,75.2146,67.2641,55.1568,44.6431,32.5338,24.9458,18.3172,4.7804,0.2625
35.1091,75.2306,67.3081,55.2608,44.8127,32.7507,25.1064,18.4575,4.7897,0.2627
35.1566,75.2512,67.3681,55.4043,45.042,33.045,25.3313,18.6519,4.8026,0.263
35.1845,75.2624,67.4029,55.4885,45.1722,33.2152,25.4646,18.7658,4.8101,0.2632
35.312,75.3101,67.5583,55.8739,45.7276,33.9758,26.083,19.2764,4.8439,0.264
35.3335,75.318,67.5838,55.9385,45.8157,34.1018,26.188,19.3594,4.8496,0.2641
35.3358,75.3189,67.5866,55.9456,45.8253,34.1156,26.1995,19.3684,4.8502,0.2642
35.4418,75.3602,67.7095,56.2617,46.2416,34.7316,26.7164,19.7636,4.8772,0.2648
35.5236,75.3976,67.801,56.501,46.547,35.2035,27.1089,20.0739,4.8974,0.2654
35.6253,75.4551,67.9103,56.7896,46.9118,35.7895,27.6902,20.5163,4.9239,0.266
35.674,75.4879,67.9608,56.9226,47.0798,36.0712,28.0113,20.7705,4.9381,0.2663
35.6766,75.4898,67.9634,56.9295,47.0885,36.0861,28.0285,20.7849,4.9388,0.2663
35.6791,75.4915,67.9659,56.9361,47.0969,36.1005,28.0452,20.7989,4.9396,0.2664
35.6842,75.4953,67.9712,56.9499,47.1145,36.1305,28.0799,20.8284,4.9412,0.2664
35.6854,75.4962,67.9724,56.9532,47.1186,36.1375,28.0881,20.8354,4.9415,0.2664
35.7348,75.5343,68.0219,57.082,47.2846,36.4249,28.4235,21.1396,4.9568,0.2667
35.9138,75.6942,68.19,57.4898,47.8694,37.4123,29.6378,22.4388,5.01,0.2679
35.9429,75.7221,68.2158,57.5489,47.9634,37.5644,29.8304,22.6581,5.0182,0.2681
35.965,75.7434,68.2352,57.5932,48.0347,37.6788,29.975,22.821,5.0243,0.2682
36.0199,75.7962,68.2822,57.7014,48.2108,37.9596,30.3291,23.2064,5.0391,0.2686
36.2284,75.9838,68.4494,58.1165,48.8766,39.0051,31.674,24.5956,5.0915,0.2699
36.2535,76.003,68.4684,58.1677,48.9563,39.1293,31.8393,24.7687,5.0975,0.2701
36.2851,76.0254,68.4921,58.2329,49.0567,39.2854,32.0489,24.9897,5.1049,0.2703
36.288,76.0273,68.4942,58.2388,49.0658,39.2996,32.068,25.0099,5.1056,0.2703
36.3289,76.0526,68.5244,58.3238,49.1955,39.5008,32.3402,25.2996,5.1151,0.2706
36.648,76.1566,68.7464,58.9971,50.1982,41.0404,34.4184,27.5932,5.1851,0.2727
36.6797,76.1654,68.7678,59.064,50.2969,41.1895,34.6122,27.8181,5.1918,0.2729
36.6993,76.1713,68.7811,59.1053,50.3577,41.2809,34.7297,27.9557,5.1959,0.273
36.7277,76.1809,68.8003,59.1649,50.4454,41.4122,34.8975,28.1531,5.2018,0.2732
36.7554,76.1914,68.819,59.2229,50.5307,41.5389,35.0584,28.3435,5.2075,0.2734
36.7857,76.2043,68.8396,59.2863,50.6239,41.6761,35.2321,28.5497,5.2138,0.2736
36.9878,76.3197,68.9777,59.702,51.2291,42.5135,36.36,29.9033,5.2547,0.2749
36.9888,76.3204,68.9785,59.7041,51.2321,42.5174,36.366,29.9107,5.2549,0.2749
37.1471,76.4235,69.0898,60.0169,51.6727,43.0942,37.2994,31.0581,5.2859,0.276
37.2533,76.4891,69.1678,60.2163,51.9472,43.4855,37.9328,31.7887,5.3063,0.2767
37.2762,76.5022,69.1853,60.2577,52.0048,43.5707,38.0673,31.9395,5.3106,0.2768
37.3034,76.5172,69.2065,60.306,52.0726,43.6719,38.2251,32.1153,5.3158,0.277
37.3085,76.5199,69.2104,60.3148,52.0851,43.6905,38.2539,32.1474,5.3167,0.277
37.3332,76.5328,69.2303,60.3575,52.1463,43.7827,38.3952,32.3046,5.3213,0.2772
37.3882,76.5584,69.276,60.4483,52.2816,43.9874,38.7019,32.6483,5.3315,0.2776
37.6443,76.621,69.4595,60.7731,52.9133,44.9325,39.9956,34.1969,5.3771,0.2793
37.6648,76.623,69.4706,60.791,52.9652,45.0072,40.0902,34.3205,5.3806,0.2794
37.6752,76.6239,69.476,60.7997,52.9915,45.0448,40.1374,34.3829,5.3823,0.2795
37.6958,76.6256,69.4865,60.816,53.0438,45.1188,40.23,34.5068,5.3857,0.2796
37.7237,76.6276,69.5004,60.8368,53.1154,45.2189,40.3547,34.6765,5.3903,0.2798
37.7512,76.6295,69.5137,60.8561,53.1865,45.3166,40.4763,34.845,5.3947,0.28
37.9096,76.6429,69.5849,60.9771,53.6035,45.8639,41.1749,35.8331,5.4188,0.2811
37.9383,76.6469,69.5972,61.0059,53.6784,45.9604,41.3043,36.011,5.4228,0.2813
38.0104,76.6598,69.6272,61.0878,53.8623,46.2002,41.6373,36.4544,5.4325,0.2818
38.0375,76.6656,69.6383,61.1212,53.9291,46.2896,41.7662,36.6199,5.4359,0.2819
38.1954,76.7069,69.7008,61.3337,54.2821,46.8124,42.5588,37.5776,5.4543,0.283
38.2752,76.731,69.731,61.4467,54.4259,47.0805,42.9724,38.0554,5.4633,0.2836
38.3039,76.74,69.7415,61.4874,54.4702,47.1771,43.1208,38.2259,5.4669,0.2838
38.3197,76.745,69.7473,61.5098,54.493,47.2302,43.2021,38.3195,5.469,0.2839
38.4045,76.7722,69.7777,61.6288,54.5993,47.5137,43.6253,38.8185,5.4826,0.2844
38.5122,76.8067,69.8219,61.7739,54.7114,47.8667,44.0764,39.4417,5.5057,0.2852
38.567,76.8239,69.849,61.8433,54.767,48.0417,44.2634,39.7527,5.5202,0.2856
38.6404,76.8461,69.8877,61.9312,54.8487,48.2697,44.5106,40.1599,5.5422,0.2861
38.6864,76.8595,69.9128,61.9837,54.9081,48.4088,44.6726,40.4083,5.5575,0.2864
38.6921,76.8612,69.9159,61.99,54.9159,48.4257,44.6927,40.4382,5.5595,0.2864
38.6969,76.8625,69.9186,61.9953,54.9227,48.4398,44.7098,40.4634,5.5611,0.2865
38.7458,76.8765,69.9457,62.0483,54.9981,48.5829,44.8857,40.7162,5.5784,0.2868
38.773,76.8841,69.9609,62.077,55.0456,48.6608,44.9843,40.8523,5.588,0.287
39.0591,76.9597,70.1203,62.3459,55.7067,49.4388,46.0105,42.2088,5.6748,0.289
39.0859,76.9666,70.1351,62.369,55.7714,49.512,46.1041,42.3763,5.6817,0.2892
39.1148,76.9739,70.1509,62.3935,55.8391,49.5919,46.2038,42.5691,5.6889,0.2894
39.2219,77.0009,70.2093,62.4833,56.0673,49.9171,46.569,43.3239,5.7141,0.2901
39.2437,77.0064,70.2211,62.5014,56.1078,49.9994,46.6425,43.4737,5.719,0.2903
39.2971,77.0199,70.2497,62.5458,56.1964,50.4575,46.8216,43.8198,5.7307,0.2907
39.3151,77.0245,70.2593,62.5608,56.2227,50.5333,46.8818,43.9284,5.7346,0.2908
39.3486,77.0331,70.2771,62.5888,56.2668,50.6191,46.9934,44.1164,5.7416,0.291
39.3738,77.0397,70.2903,62.61,56.2963,50.6692,47.0773,44.2449,5.7468,0.2912
39.5315,77.0825,70.3715,62.7471,56.4295,50.9242,47.609,44.8389,5.7783,0.2923
39.6625,77.122,70.4356,62.87,56.5033,51.1198,48.0517,45.2046,5.8035,0.2933
39.6923,77.1317,70.4497,62.8995,56.5191,51.1648,48.1333,45.2857,5.8091,0.2935
39.7173,77.14,70.4613,62.9247,56.5327,51.203,48.2011,45.3546,5.8139,0.2937
39.7931,77.1664,70.4953,63.0037,56.5781,51.3221,48.4057,45.5728,5.8281,0.2942
39.8244,77.1779,70.5089,63.0372,56.5998,51.3736,48.4899,45.6685,5.834,0.2944
39.8735,77.1967,70.5296,63.0903,56.639,51.4581,48.6218,45.8246,5.8431,0.2948
39.8988,77.2067,70.54,63.1179,56.6623,51.5043,48.69,45.9081,5.8478,0.295
40.1866,77.3291,70.6459,63.4146,57.0298,52.1495,49.4681,46.9986,5.9017,0.297
40.2387,77.352,70.6631,63.4608,57.1048,52.2562,49.6109,47.2549,5.9116,0.2974
40.3181,77.3865,70.6887,63.5243,57.2156,52.3896,49.8282,47.8873,5.9268,0.298
40.3435,77.3975,70.6967,63.5426,57.2494,52.4252,49.8969,47.9631,5.9317,0.2982
40.3461,77.3985,70.6975,63.5443,57.2527,52.4285,49.9036,47.9697,5.9322,0.2982
40.4236,77.4313,70.7218,63.593,57.3472,52.5217,50.1056,48.1439,5.9474,0.2988
40.4531,77.4435,70.7309,63.6091,57.3793,52.5531,50.1785,48.2043,5.9532,0.299
40.6583,77.5218,70.7945,63.6963,57.5549,52.7468,50.619,48.6171,5.9959,0.3005
40.6773,77.5283,70.8004,63.7029,57.5681,52.764,50.6543,48.6566,6,0.3006
40.6878,77.5318,70.8037,63.7065,57.5753,52.7736,50.6735,48.6787,6.0024,0.3007
40.8414,77.5776,70.8522,63.7581,57.673,52.9217,50.9383,49.0254,6.0387,0.3019
40.9206,77.596,70.8775,63.7873,57.7218,53.0092,51.0665,49.2298,6.0592,0.3025
40.9748,77.6061,70.8949,63.8099,57.756,53.0761,51.152,49.3792,6.0741,0.3029
41.0262,77.6135,70.9116,63.834,57.7898,53.1447,51.2321,49.5261,6.0889,0.3033
41.108,77.6205,70.9384,63.8772,57.8467,53.2618,51.3579,49.7631,6.1139,0.3039
41.2609,77.6173,70.9894,63.9692,57.9611,53.4922,51.5927,50.1767,6.1638,0.305
41.306,77.6139,71.0048,63.9978,57.9962,53.5588,51.6638,50.2819,6.177,0.3054
41.3393,77.611,71.0162,64.0191,58.0225,53.6066,51.7173,50.3533,6.1852,0.3056
41.497,77.6004,71.0724,64.1177,58.1491,53.806,51.9633,50.6248,6.2147,0.3068
41.5773,77.6013,71.1673,64.1639,58.2131,53.8855,52.0761,50.7364,6.2346,0.3075
41.6025,77.6031,71.1734,64.1776,58.2324,53.9077,52.1102,50.7695,6.2421,0.3077
41.6727,77.6123,71.1895,64.2133,58.2772,53.9641,52.2028,50.8592,6.2655,0.3082
41.6801,77.6138,71.1912,64.217,58.28,53.9696,52.2124,50.8686,6.2682,0.3083
41.6832,77.6144,71.1919,64.2185,58.281,53.9719,52.2164,50.8725,6.2694,0.3083
41.7104,77.6204,71.1979,64.2314,58.29,53.9916,52.2515,50.907,6.2796,0.3085
41.7597,77.6344,71.2089,64.2539,58.321,54.0252,52.3144,50.9701,6.2989,0.3089
41.8895,77.6853,71.2373,64.3087,58.4218,54.1055,52.4765,51.15,6.3531,0.3099
42.1258,77.8007,71.2887,64.3991,58.6011,54.2486,52.761,51.5572,6.4566,0.3118
42.206,77.8376,71.3061,64.4295,58.6582,54.3047,52.8546,51.7077,6.4915,0.3124
42.3014,77.8745,71.3268,64.4666,58.7235,54.3786,52.9637,51.8848,6.5311,0.3132
42.3381,77.8857,71.3348,64.4811,58.7478,54.4088,53.005,51.9509,6.5452,0.3135
42.3391,77.886,71.335,64.4816,58.7485,54.4097,53.0062,51.9528,6.5456,0.3135
42.3622,77.8919,71.34,64.4908,58.7636,54.4293,53.032,51.9935,6.5541,0.3137
42.4398,77.9057,71.3568,64.5224,58.8128,54.4977,53.1174,52.1238,6.5815,0.3143
42.6681,77.906,71.4063,64.62,58.9491,54.7183,53.3558,52.4463,6.7081,0.3162
42.6757,77.9054,71.4079,64.6233,58.9534,54.7259,53.3632,52.4557,6.7136,0.3162
42.7283,77.9005,71.4193,64.6467,58.9832,54.7797,53.4143,52.5195,6.7532,0.3167
42.8347,77.8905,71.4423,64.695,59.0421,54.8895,53.5128,52.6406,6.8371,0.3175
42.9154,77.8859,71.4598,64.7324,59.0856,54.9718,53.5835,52.7273,6.9032,0.3182
43.0161,77.8867,71.4816,64.7792,59.1385,55.0701,53.6671,52.832,6.9881,0.319
43.2969,77.9219,71.5423,64.9012,59.2783,55.2917,53.8864,53.1182,7.2392,0.3214
43.3044,77.9234,71.544,64.9041,59.2819,55.2961,53.8944,53.1259,7.2465,0.3215
43.3309,77.9288,71.5497,64.9143,59.2944,55.3108,53.9477,53.1528,7.2721,0.3217
43.3315,77.929,71.5498,64.9145,59.2947,55.3112,53.9487,53.1535,7.2728,0.3217
43.4634,77.9599,71.5783,64.9605,59.3552,55.3685,54.0667,53.289,7.4155,0.3229
43.5179,77.9744,71.5901,64.977,59.3793,55.387,54.1051,53.3456,7.4847,0.3233
43.6187,78.0032,71.6119,65.0045,59.4225,55.4189,54.1725,53.4517,7.621,0.3242
43.6637,78.0166,71.6216,65.0158,59.4412,55.4337,54.2015,53.4996,7.6819,0.3246
43.8808,78.0822,71.6686,65.0685,59.5282,55.5371,54.337,53.7392,7.9691,0.3266
43.9334,78.0974,71.6799,65.082,59.5492,55.5764,54.3689,53.8004,8.0381,0.327
43.9602,78.105,71.6857,65.0892,59.5602,55.5995,54.3852,53.8324,8.0733,0.3273
44.1183,78.1452,71.7199,65.1376,59.6311,55.7691,54.48,54.0372,8.2812,0.3287
44.1466,78.1514,71.726,65.1477,59.645,55.8035,54.4968,54.0792,8.3186,0.329
44.1951,78.1613,71.7365,65.1661,59.6695,55.8634,54.5257,54.1599,8.3831,0.3294
44.2663,78.1742,71.7518,65.1952,59.7061,55.9511,54.5679,54.3399,8.4786,0.3301
44.327,78.1839,71.7649,65.2216,59.7372,56.0229,54.6038,54.5276,8.5615,0.3307
44.3785,78.1914,71.7761,65.2447,59.7634,56.0797,54.6342,54.6025,8.6331,0.3311
44.5098,78.2079,71.8044,65.3046,59.8281,56.196,54.7115,54.72,8.8156,0.3324
44.6579,78.2242,71.8364,65.3688,59.8964,56.2672,54.7985,54.8252,9.008,0.3659
44.6593,78.2243,71.8367,65.3694,59.897,56.2676,54.7993,54.8262,9.0097,0.3658
44.747,78.2338,71.8556,65.4031,59.9344,56.2861,54.8508,54.8848,9.1171,0.3594
44.8015,78.2399,71.8673,65.4218,59.9563,56.2914,54.8828,54.9211,9.1825,0.3561
44.9295,78.2554,71.895,65.4604,60.0028,56.2919,54.9579,55.0083,9.3339,0.3495
44.9811,78.262,71.9061,65.4743,60.0193,56.2895,54.9881,55.0451,9.3943,0.3472
45.1122,78.2797,71.9344,65.5072,60.0563,56.2845,55.0652,55.1463,9.5464,0.3423
45.2619,78.3008,71.9666,65.5435,60.0941,56.2944,55.1532,55.2765,9.7179,0.3379
45.3127,78.308,71.9776,65.5563,60.1069,56.303,55.1831,55.3244,9.7757,0.3368
45.4019,78.3207,71.9968,65.5801,60.1305,56.3255,55.2357,55.4125,9.8761,0.3351
45.4563,78.3284,72.0085,65.5959,60.1463,56.3439,55.2679,55.4686,9.9371,0.3343
45.5574,78.3423,72.0303,65.627,60.1795,56.3876,55.3277,55.5762,10.0503,0.3336
45.5582,78.3424,72.0305,65.6273,60.1798,56.388,55.3281,55.577,10.0512,0.3336
45.6533,78.3553,72.0509,65.6576,60.217,56.4398,55.3846,55.6809,10.1587,0.3338
45.6548,78.3556,72.0513,65.6581,60.2177,56.4408,55.3855,55.6826,10.1605,0.3338
45.6885,78.3601,72.0585,65.6687,60.2321,56.4615,55.4056,55.7196,10.1989,0.3341
46.0306,78.4059,72.1321,65.7571,60.3909,56.71,55.6106,56.0782,10.5881,0.3511
46.1112,78.4168,72.1495,65.769,60.4257,56.7701,55.6595,56.1533,10.6788,0.3616
46.16,78.4236,72.16,65.7748,60.4451,56.8052,55.6892,56.1959,10.7333,0.3709
46.1607,78.4237,72.1601,65.7748,60.4453,56.8056,55.6896,56.1965,10.7341,0.3711
46.2819,78.4406,72.1862,65.7864,60.4872,56.8846,55.764,56.2929,10.8669,0.4222
46.2836,78.4408,72.1865,65.7865,60.4877,56.8855,55.765,56.2942,10.8687,0.4221
46.3173,78.4456,72.1938,65.7895,60.498,56.9041,55.7858,56.319,10.9045,0.4107
46.6486,78.4926,72.2649,65.8362,60.5883,57.0389,55.9957,56.5506,11.2002,0.3337
46.6766,78.4965,72.2709,65.8432,60.5962,57.0556,56.014,56.5713,11.2228,0.3344
46.6838,78.4975,72.2724,65.8452,60.5983,57.0602,56.0188,56.5767,11.2287,0.3348
46.6854,78.4977,72.2728,65.8456,60.5988,57.0613,56.0199,56.5779,11.23,0.3349
46.7399,78.5053,72.2844,65.8619,60.615,57.1011,56.0561,56.6202,11.2746,0.3393
46.7625,78.5085,72.2893,65.8695,60.6221,57.1201,56.0714,56.6385,11.2932,0.3419
46.7632,78.5086,72.2894,65.8697,60.6223,57.1207,56.0718,56.639,11.2938,0.342
46.815,78.5157,72.3005,65.8887,60.6394,57.1697,56.1072,56.6828,11.3367,0.349
47.2864,78.5793,72.4013,66.1001,60.829,57.7657,56.5499,57.1095,11.7373,0.4224
47.3035,78.5816,72.4049,66.107,60.8366,57.7865,56.5547,57.1231,11.7523,0.4222
47.3053,78.5818,72.4053,66.1077,60.8374,57.7887,56.555,57.1245,11.7539,0.4221
47.3141,78.583,72.4072,66.1111,60.8413,57.7991,56.5559,57.1314,11.7617,0.4216
47.3651,78.5898,72.418,66.1301,60.8641,57.8546,56.5588,57.1696,11.807,0.4141
47.3914,78.5934,72.4236,66.1394,60.8759,57.8779,56.5605,57.1883,11.8308,0.4067
47.3947,78.5938,72.4244,66.1405,60.8774,57.8804,56.5608,57.1906,11.8339,0.4055
47.4181,78.5969,72.4293,66.1483,60.8879,57.8937,56.563,57.2065,11.8553,0.3965
47.644,78.6274,72.4772,66.2124,60.9897,57.797,56.622,57.3405,12.0795,0.3336
47.6721,78.6312,72.4832,66.2193,61.0023,57.7904,56.6349,57.3556,12.108,0.3388
47.6793,78.6322,72.4847,66.221,61.0055,57.789,56.6384,57.3595,12.1153,0.3404
47.6819,78.6325,72.4852,66.2217,61.0067,57.7885,56.6397,57.3608,12.1179,0.341
47.9676,78.6712,72.5449,66.2878,61.1318,57.7893,56.8318,57.5237,12.407,0.4387
47.9676,78.6712,72.5449,66.2878,61.1318,57.7893,56.8319,57.5237,12.407,0.4387
47.969,78.6714,72.5452,66.2881,61.1324,57.7895,56.8329,57.5247,12.4084,0.4392
48.0206,78.6784,72.5557,66.3006,61.1534,57.7972,56.8739,57.563,12.4611,0.4568
48.0496,78.6823,72.5616,66.3078,61.1647,57.8022,56.8973,57.5869,12.4909,0.4662
48.2727,78.7123,72.5645,66.3675,61.2268,57.8512,57.0745,57.8026,12.7255,0.5106
48.2747,78.7125,72.5647,66.368,61.2273,57.8517,57.0759,57.8045,12.7277,0.5107
48.2819,78.7135,72.5657,66.37,61.2289,57.8536,57.081,57.8111,12.7356,0.5108
48.3349,78.7206,72.5734,66.3853,61.2419,57.8675,57.1161,57.8572,12.7947,0.5081
48.3368,78.7209,72.5737,66.3858,61.2424,57.868,57.1172,57.8587,12.7968,0.5079
48.3606,78.7241,72.5773,66.3928,61.2485,57.8745,57.131,57.8778,12.824,0.5045
48.5977,78.7561,72.616,66.4651,61.3128,57.9448,57.2249,58.0333,13.0974,0.3935
48.6656,78.7654,72.6275,66.4867,61.3315,57.9666,57.2538,58.0719,13.1682,0.3335
48.6677,78.7657,72.6279,66.4873,61.3321,57.9672,57.2548,58.073,13.1703,0.3316
48.6748,78.7667,72.6291,66.4896,61.3341,57.9696,57.2581,58.077,13.1775,0.3251
48.7045,78.7708,72.6342,66.4991,61.3423,57.9793,57.2723,58.0934,13.2071,0.3148
48.9631,78.8068,72.6793,66.5782,61.412,58.0691,57.4129,58.2319,13.4589,0.3672
48.9898,78.8105,72.684,66.5857,61.4189,58.0788,57.4283,58.2462,13.4853,0.3722
49.2264,78.8441,72.7262,66.6422,61.4786,58.1678,57.5672,58.3753,13.737,0.4118
49.2702,78.8503,72.7341,66.6501,61.4898,58.1848,57.5929,58.3998,13.79,0.4184
49.2943,78.8537,72.7384,66.6541,61.496,58.1943,57.6068,58.4133,13.8207,0.422
49.3035,78.855,72.7401,66.6556,61.4985,58.1979,57.6121,58.4186,13.8329,0.4234
49.3332,78.8592,72.7454,66.6601,61.5064,58.2096,57.629,58.4353,13.8736,0.4277
49.5918,78.8959,72.7925,66.6924,61.5862,58.3152,57.7474,58.5859,14.44,0.4633
49.6185,78.8997,72.7973,66.6956,61.5959,58.3264,57.758,58.6019,14.5254,0.4668
49.6371,78.9023,72.8007,66.6979,61.603,58.3343,57.7653,58.6131,14.5867,0.4692
49.6965,78.9107,72.8116,66.7055,61.6264,58.3595,57.7892,58.649,14.7896,0.477
49.8551,78.9329,72.8408,66.7306,61.6942,58.4283,57.8547,58.7453,15.3574,0.4976
49.9618,78.9477,72.8606,66.753,61.7417,58.4757,57.8999,58.8091,15.7453,0.5112
50.0826,78.9643,72.883,66.7829,61.7948,58.5304,57.952,58.8789,16.1802,0.5267
50.1943,78.9796,72.9038,66.8136,61.8411,58.582,58.0011,58.94,16.575,0.5409
50.2472,78.9868,72.9137,66.8289,61.8615,58.6068,58.0247,58.9676,16.7605,0.5477
50.4906,79.0194,72.9594,66.9019,61.9411,58.7238,58.1358,59.0918,17.628,0.5791
50.51,79.022,72.9631,66.9076,61.9466,58.7333,58.1449,59.102,17.7018,0.5816
50.5282,79.0245,72.9665,66.9131,61.9517,58.7423,58.1534,59.1118,17.7737,0.584
50.6167,79.0362,72.9833,66.939,61.9753,58.7863,58.1954,59.1609,18.3658,0.5956
50.6331,79.0384,72.9864,66.9438,61.9795,58.7946,58.2033,59.1704,18.4819,0.5977
50.6919,79.0461,72.9975,66.9606,61.9943,58.8242,58.2317,59.2059,18.8424,0.6055
50.8231,79.0635,73.0225,66.9976,62.0259,58.8912,58.2966,59.2941,19.5825,0.6231
50.8759,79.0705,73.0327,67.0123,62.0385,58.9185,58.3233,59.3338,19.8766,0.6303
50.9739,79.0835,73.0515,67.0393,62.0621,58.9696,58.3736,59.4132,20.4296,0.6439
51.1386,79.106,73.0833,67.0847,62.1037,59.0565,58.4602,59.5569,21.4067,0.6674
51.2716,79.1247,73.1093,67.1214,62.1404,59.1274,58.5319,59.675,22.1926,0.6872
51.2886,79.1271,73.1126,67.1261,62.1454,59.1365,58.5411,59.6898,22.2887,0.6898
51.4518,79.151,73.1449,67.171,62.1971,59.2245,58.631,59.8252,23.158,0.7155
51.5046,79.1588,73.1554,67.1854,62.2155,59.2531,58.6603,59.865,23.4272,0.7243
51.6294,79.1769,73.1807,67.2189,62.2624,59.3208,58.7302,59.9506,24.0592,0.7461
51.6874,79.1851,73.1927,67.2342,62.2855,59.3523,58.7628,59.9866,24.355,0.7569
51.6897,79.1855,73.1932,67.2348,62.2865,59.3536,58.7641,59.988,24.3669,0.7573
51.7828,79.1982,73.2128,67.2589,62.3247,59.4042,58.8165,60.0411,24.8432,0.7759
51.7935,79.1996,73.2151,67.2617,62.3292,59.4101,58.8226,60.0469,24.8982,0.7782
51.9002,79.2132,73.2388,67.2885,62.374,59.468,58.8827,60.1009,25.4399,0.8025
51.9964,79.2244,73.2626,67.3126,62.4144,59.5202,58.9369,60.1445,25.9183,0.8279
52.0805,79.2341,73.3073,67.3343,62.4493,59.5657,58.9844,60.1793,26.3271,0.8542
52.1595,79.2433,73.3306,67.3556,62.481,59.6082,59.0289,60.2097,26.7055,0.8845
52.3161,79.2637,73.3644,67.4024,62.5414,59.6921,59.1169,60.2714,27.457,0.9894
52.3446,79.268,73.3702,67.4118,62.5524,59.7072,59.1328,60.2838,27.5962,1.0193
52.3634,79.2709,73.3739,67.4181,62.5596,59.7172,59.1434,60.2923,27.6889,1.0325
52.3853,79.2744,73.3783,67.4256,62.568,59.7288,59.1558,60.3026,27.7979,1.0415
52.4222,79.2806,73.3855,67.4387,62.5825,59.7483,59.1775,60.321,27.9845,1.0488
52.5289,79.3016,73.4061,67.4792,62.6261,59.8044,59.2478,60.3833,28.5407,1.0534
52.6518,79.3323,73.4295,67.5294,62.6832,59.8681,59.3386,60.4781,29.1939,1.0495
52.7091,79.3488,73.4402,67.5535,62.7142,59.8976,59.3825,60.5332,29.4961,1.0468
52.7092,79.3488,73.4403,67.5536,62.7143,59.8977,59.3826,60.5333,29.497,1.0467
52.762,79.365,73.4502,67.576,62.7466,59.9246,59.4233,60.5912,29.7758,1.0443
52.9926,79.4415,73.4929,67.6718,62.9177,60.0397,59.6021,60.8997,31.053,1.0397
53.0401,79.4574,73.5017,67.6903,62.9486,60.0629,59.6388,60.9686,31.3398,1.0414
53.0771,79.4695,73.5085,67.7042,62.9706,60.0809,59.6673,61.0222,31.5691,1.0438
53.1052,79.4787,73.5136,67.7144,62.9861,60.0944,59.6888,61.0625,31.7459,1.0464
53.3072,79.5402,73.5506,67.7797,63.0736,60.1894,59.8421,61.325,33.0006,1.0844
53.3118,79.5416,73.5514,67.781,63.0752,60.1915,59.8455,61.3301,33.0272,1.0857
53.3907,79.5638,73.5657,67.8035,63.1007,60.2274,59.9041,61.4099,33.4653,1.1107
53.4848,79.5891,73.5828,67.829,63.1269,60.2694,59.9729,61.4894,33.9439,1.147
53.6426,79.6287,73.6114,67.8711,63.1653,60.3374,60.0841,61.598,34.6597,1.2184
53.648,79.63,73.6124,67.8726,63.1665,60.3397,60.0878,61.6014,34.6826,1.221
53.6522,79.631,73.6132,67.8737,63.1675,60.3415,60.0906,61.6039,34.7,1.223
53.6796,79.6374,73.6181,67.8812,63.1736,60.353,60.1092,61.621,34.8147,1.2362
53.7601,79.6557,73.6327,67.9037,63.1914,60.3863,60.1621,61.6704,35.1412,1.2756
53.9144,79.6873,73.6605,67.9478,63.2244,60.4483,60.2569,61.7727,35.7499,1.3551
54.0674,79.7133,73.688,67.9909,63.2572,60.5074,60.3414,61.8965,36.3647,1.4411
54.2713,79.7372,73.7246,68.0437,63.3037,60.5828,60.4403,62.0837,37.2241,1.5725
54.2809,79.738,73.7263,68.0459,63.306,60.5863,60.4447,62.0926,37.2648,1.5793
54.3345,79.7416,73.7359,68.0582,63.3192,60.6054,60.4699,62.1426,37.4945,1.6192
54.3888,79.7441,73.7456,68.0699,63.3332,60.6246,60.4959,62.1924,37.7264,1.6629
54.4868,79.7459,73.7632,68.0888,63.3603,60.6587,60.5438,62.2787,38.1352,1.7538
54.5169,79.7458,73.7686,68.0941,63.3692,60.669,60.5585,62.3038,38.2488,1.7855
54.644,79.7437,73.7913,68.1138,63.411,60.7118,60.62,62.4017,38.4893,1.9441
54.6476,79.7436,73.792,68.1143,63.4123,60.713,60.6217,62.4042,38.4971,1.9492
54.7529,79.7413,73.8108,68.1275,63.4547,60.7475,60.6716,62.4753,38.7476,2.1158
54.7953,79.7407,73.8184,68.1321,63.4747,60.7612,60.6915,62.5017,38.8546,2.1922
54.9632,79.7427,73.8483,68.1467,63.5767,60.8144,60.7673,62.5926,39.2877,2.5341
54.9912,79.7441,73.8533,68.1487,63.5981,60.8231,60.7795,62.6058,39.3607,2.595
55.1194,79.7551,73.8762,68.157,63.713,60.8624,60.8326,62.6579,39.6927,2.8771
55.1681,79.761,73.8849,68.1605,63.762,60.8771,60.8512,62.6741,39.8172,2.9831
55.2763,79.7764,73.9041,68.1707,63.859,60.9093,60.8873,62.7047,40.0887,3.2095
55.3456,79.7875,73.9165,68.1797,63.8944,60.9296,60.9032,62.7222,40.2594,3.343
55.3554,79.7891,73.9182,68.1811,63.8973,60.9325,60.9049,62.7246,40.2834,3.3609
55.5918,79.8282,73.9603,68.2352,63.8808,61.0003,60.9515,62.7937,40.8666,3.7389
55.6199,79.8326,73.9653,68.2443,63.8738,61.0083,60.9642,62.804,40.9379,3.7818
55.6431,79.8361,73.9694,68.2523,63.8677,61.0148,60.9758,62.813,40.9972,3.8177
55.666,79.8396,73.9735,68.2605,63.8616,61.0212,60.988,62.8223,41.0566,3.854
55.6957,79.844,73.9788,68.2717,63.8536,61.0295,61.0047,62.8349,41.1343,3.9022
55.8696,79.8683,74.0097,68.3448,63.8146,61.0777,61.1108,62.92,41.6002,4.2283
55.984,79.8833,74.0301,68.3972,63.8087,61.1089,61.1818,62.9834,41.9102,4.4932
56.1639,79.9064,74.0621,68.4784,63.8629,61.1576,61.2841,63.0903,42.3845,4.9685
56.2205,79.9138,74.0721,68.5007,63.8974,61.1728,61.3106,63.1251,42.5249,5.128
56.2718,79.9206,74.0812,68.5177,63.9353,61.1865,61.3298,63.157,42.6467,5.2751
56.2748,79.9211,74.0818,68.5185,63.9377,61.1873,61.3308,63.1589,42.6536,5.2838
56.4957,79.9611,74.121,68.5187,64.1559,61.2463,61.1713,63.2988,43.1221,5.936
56.5009,79.9626,74.122,68.517,64.1616,61.2477,61.1528,63.3021,43.1325,5.9517
56.503,79.9632,74.1223,68.5163,64.1639,61.2483,61.1465,63.3035,43.1367,5.9579
56.506,79.964,74.1229,68.5153,64.1672,61.2491,61.1376,63.3054,43.1426,5.9667
56.5105,79.9653,74.1237,68.5138,64.1721,61.2503,61.1242,63.3082,43.1516,5.9802
56.5109,79.9654,74.1237,68.5137,64.1725,61.2504,61.1232,63.3084,43.1522,5.9812
56.5118,79.9657,74.1239,68.5134,64.1736,61.2506,61.1204,63.3091,43.1541,5.9841
56.5132,79.9661,74.1242,68.5129,64.1751,61.251,61.1163,63.31,43.1569,5.9882
56.5203,79.9681,74.1254,68.5105,64.1829,61.2529,61.0956,63.3145,43.171,6.0095
